<?xml version="1.0" encoding="UTF-8"?>
<eml:eml xmlns:eml="eml://ecoinformatics.org/eml-2.1.1" xmlns:dc="http://purl.org/dc/terms/" xmlns:xsi="http://www.w3.org/2001/XMLSchema-instance" xsi:schemaLocation="eml://ecoinformatics.org/eml-2.1.1 http://rs.gbif.org/schema/eml-gbif-profile/1.0.1/eml.xsd" packageId="56e04fb0-0744-4ce8-abee-52dc722a5f31" system="http://symbiota.org" scope="system" xml:lang="eng"><dataset><alternateIdentifier>https://scan-bugs.org:443/portal/collections/misc/collprofiles.php?collid=335</alternateIdentifier><title xml:lang="eng">Pardee et al. 2023: Plant-Pollinator Networks across an Urban Corridor</title><creator id="2f57806a-f37f-40b2-915b-6fcdf6ae100f"><organizationName>SCAN</organizationName><electronicMailAddress>neilscobb@gmail.com</electronicMailAddress><onlineUrl>https://scan-bugs.org:443/portal/index.php</onlineUrl></creator><metadataProvider><organizationName>SCAN</organizationName><electronicMailAddress>neilscobb@gmail.com</electronicMailAddress><onlineUrl>https://scan-bugs.org:443/portal/index.php</onlineUrl></metadataProvider><pubDate>2023-02-06</pubDate><language>eng</language><abstract><para>This dataset represents the species-level occurrence and floral associate data. "Through bee collection, vegetation surveys, and pollen load identification across ~350 km of urban habitat, we studied the impact of local and landscape-level management on plant-pollinator networks. We also quantified pollinator preferences for plants within urban grasslands." Pardee, G.L., Ballare, K.M., Neff, J.L., Do, L.Q., Ojeda, D., Bienenstock, E.J., Brosi, B.J., Grubesic, T.H., Miller, J.A., Tong, D. and Jha, S., 2023. Local and Landscape Factors Influence Plant-Pollinator Networks and Bee Foraging Behavior across an Urban Corridor. Land, 12(2), p.362. https://www.mdpi.com/2073-445X/12/2/362</para></abstract><contact><individualName>Gabriella Pardee</individualName><organizationName>Pardee et al. 2023: Plant-Pollinator Networks across an Urban Corridor</organizationName><phone></phone><electronicMailAddress>gabriellapardee@gmail.com</electronicMailAddress><onlineUrl>www.gabriellapardee.weebly.com</onlineUrl></contact><associatedParty><individualName>Neil</individualName><role>CONTENT_PROVIDER</role></associatedParty><associatedParty><organizationName>Pardee et al. 2023: Plant-Pollinator Networks across an Urban Corridor</organizationName><individualName>Gabriella Pardee</individualName><positionName>Collection Manager</positionName><role>CONTENT_PROVIDER</role><electronicMailAddress>gabriellapardee@gmail.com</electronicMailAddress><phone></phone></associatedParty><intellectualRights><para>To the extent possible under law, the publisher has waived all rights to these data and has dedicated them to the <ulink url="http://creativecommons.org/licenses/by-nc/4.0/legalcode"><citetitle>CC BY-NC (Attribution-Non-Commercial)</citetitle></ulink>Users can copy, redistribute the material in any medium or format, remix, transform, and build upon the material. The licensor cannot revoke these freedoms as long as you follow the license terms.</para></intellectualRights></dataset><additionalMetadata><metadata><symbiota><dateStamp>2023-02-06T09:42:18-07:00</dateStamp><citation identifier="1147edaf-6adb-43ff-b9b2-f57bcf60a189">SCAN - 1147edaf-6adb-43ff-b9b2-f57bcf60a189</citation><physical><characterEncoding>UTF-8</characterEncoding><dataFormat><externallyDefinedFormat><formatName>Darwin Core Archive</formatName></externallyDefinedFormat></dataFormat></physical><collection identifier="1461f01b-7873-4319-86aa-9e834d27e681" id="335"><alternateIdentifier>https://scan-bugs.org:443/portal/collections/misc/collprofiles.php?collid=335</alternateIdentifier><parentCollectionIdentifier>UT</parentCollectionIdentifier><collectionIdentifier>UTBFL</collectionIdentifier><collectionName>Pardee et al. 2023: Plant-Pollinator Networks across an Urban Corridor</collectionName><resourceLogoUrl>https://scan-bugs.org:443/portal/content/collicon/ut-utbfl.png</resourceLogoUrl><onlineUrl>www.gabriellapardee.weebly.com</onlineUrl><intellectualRights>http://creativecommons.org/licenses/by-nc/4.0/</intellectualRights><abstract><para>This dataset represents the species-level occurrence and floral associate data. "Through bee collection, vegetation surveys, and pollen load identification across ~350 km of urban habitat, we studied the impact of local and landscape-level management on plant-pollinator networks. We also quantified pollinator preferences for plants within urban grasslands." Pardee, G.L., Ballare, K.M., Neff, J.L., Do, L.Q., Ojeda, D., Bienenstock, E.J., Brosi, B.J., Grubesic, T.H., Miller, J.A., Tong, D. and Jha, S., 2023. Local and Landscape Factors Influence Plant-Pollinator Networks and Bee Foraging Behavior across an Urban Corridor. Land, 12(2), p.362. https://www.mdpi.com/2073-445X/12/2/362</para></abstract></collection></symbiota></metadata></additionalMetadata></eml:eml>
